,bathrooms,bedrooms,city,country,homeStatus,homeType,isNonOwnerOccupied,isPreforeclosureAuction,livingArea,lotAreaUnit,lotAreaValue,price,rentZestimate,zestimate
0,0.0,0.0,Orlando,USA,FOR_SALE,LOT,True,False,0.0,acres,1.0,275000.0,1895,0.0
1,1.0,2.0,Orlando,USA,FOR_SALE,CONDO,True,False,810.0,acres,0.29,170000.0,0.0,0.0
2,2.0,2.0,Orlando,USA,FOR_SALE,SINGLE_FAMILY,True,False,976.0,sqft,10454.4,305000.0,1500,256000
3,2.0,4.0,Orlando,USA,FOR_SALE,SINGLE_FAMILY,True,False,1200.0,sqft,8276.4,285000.0,0.0,0.0
4,2.0,2.0,Orlando,USA,FOR_SALE,SINGLE_FAMILY,True,False,1117.0,sqft,5227.2,270000.0,1800,269800
5,2.0,2.0,Orlando,USA,FOR_SALE,SINGLE_FAMILY,True,False,1160.0,sqft,6098.4,245000.0,1900,245000
6,2.0,3.0,Orlando,USA,FOR_SALE,SINGLE_FAMILY,True,False,2029.0,sqft,8712.0,417000.0,2799,493700
7,2.0,4.0,Orlando,USA,FOR_SALE,SINGLE_FAMILY,True,False,2972.0,acres,0.27,725000.0,0.0,0.0
8,0.0,0.0,Orlando,USA,FOR_SALE,LOT,True,False,0.0,acres,2.15,219000.0,1640,0.0
9,2.0,2.0,Orlando,USA,FOR_SALE,CONDO,True,False,1000.0,sqft,10018.8,170000.0,1550,212600
10,2.0,2.0,Orlando,USA,FOR_SALE,TOWNHOUSE,True,False,950.0,sqft,3484.8,255000.0,0.0,0.0
11,3.0,3.0,Orlando,USA,FOR_SALE,SINGLE_FAMILY,True,False,2032.0,acres,0.37,399999.0,2495,427000
12,9.0,5.0,Orlando,USA,FOR_SALE,SINGLE_FAMILY,True,False,12370.0,acres,4.36,7900000.0,28957,5350200
13,1.0,2.0,Orlando,USA,FOR_SALE,SINGLE_FAMILY,True,False,650.0,sqft,9147.6,250000.0,1550,279500
14,2.0,2.0,Orlando,USA,FOR_SALE,CONDO,True,False,1064.0,sqft,8712.0,240000.0,1649,224000
15,2.0,3.0,Orlando,USA,FOR_SALE,SINGLE_FAMILY,True,False,1428.0,sqft,10018.8,295000.0,1997,290800
16,2.0,2.0,Orlando,USA,FOR_SALE,CONDO,True,False,1027.0,sqft,871.2,160000.0,1550,156900
17,2.0,4.0,Orlando,USA,FOR_SALE,SINGLE_FAMILY,True,False,1400.0,sqft,6534.0,289000.0,2275,285300
18,0.0,0.0,Orlando,USA,FOR_SALE,LOT,True,False,0.0,sqft,6534.0,65000.0,1343,0.0
19,2.0,3.0,Orlando,USA,FOR_SALE,SINGLE_FAMILY,True,False,1432.0,sqft,9147.6,334000.0,2195,333100
20,2.0,3.0,Orlando,USA,FOR_SALE,SINGLE_FAMILY,True,False,2238.0,sqft,6969.6,499900.0,2780,465300
21,2.0,3.0,Orlando,USA,FOR_SALE,SINGLE_FAMILY,True,False,2077.0,acres,1.26,410000.0,0.0,0.0
22,4.0,4.0,Orlando,USA,FOR_SALE,SINGLE_FAMILY,True,False,3438.0,sqft,6098.4,675000.0,3699,659459
23,2.0,4.0,Orlando,USA,FOR_SALE,SINGLE_FAMILY,True,False,1380.0,sqft,9147.6,399000.0,0.0,0.0
24,2.0,2.0,Orlando,USA,FOR_SALE,SINGLE_FAMILY,True,False,990.0,sqft,6969.6,425000.0,1998,380400
25,2.0,2.0,Orlando,USA,FOR_SALE,CONDO,True,False,1157.0,acres,0.65,449000.0,2175,434700
26,2.0,4.0,Orlando,USA,FOR_SALE,SINGLE_FAMILY,True,False,2065.0,sqft,6098.4,425000.0,2694,434300
27,2.0,2.0,Orlando,USA,FOR_SALE,SINGLE_FAMILY,True,False,726.0,sqft,8276.4,225000.0,1599,167700
28,2.0,4.0,Orlando,USA,FOR_SALE,SINGLE_FAMILY,True,False,1865.0,sqft,7840.8,439991.0,2489,415700
29,2.0,3.0,Orlando,USA,FOR_SALE,SINGLE_FAMILY,True,False,1334.0,sqft,5227.2,360000.0,2197,319000
30,2.0,2.0,Orlando,USA,FOR_SALE,MULTI_FAMILY,True,False,937.0,sqft,5662.8,265000.0,1500,265700
31,3.0,4.0,Orlando,USA,FOR_SALE,SINGLE_FAMILY,True,False,2963.0,noUnit,0.0,945000.0,1694,0.0
32,2.0,3.0,Orlando,USA,FOR_SALE,SINGLE_FAMILY,True,False,1220.0,sqft,6969.6,230000.0,1800,251400
33,3.0,2.0,Orlando,USA,FOR_SALE,CONDO,True,False,1250.0,sqft,871.2,265000.0,1814,260800
34,6.0,6.0,Orlando,USA,FOR_SALE,SINGLE_FAMILY,True,False,4812.0,acres,2.95,1199000.0,5258,1014400
35,3.0,4.0,Orlando,USA,FOR_SALE,SINGLE_FAMILY,True,False,2411.0,sqft,6098.4,552342.0,0.0,0.0
36,3.0,2.0,Orlando,USA,FOR_SALE,TOWNHOUSE,True,False,1546.0,sqft,871.2,318680.0,2044,310100
37,2.0,2.0,Orlando,USA,FOR_SALE,CONDO,True,False,1107.0,acres,0.5599999999999999,239999.0,0.0,0.0
38,1.0,2.0,Orlando,USA,FOR_SALE,SINGLE_FAMILY,True,False,840.0,sqft,6969.6,179900.0,0.0,0.0
39,2.0,3.0,Orlando,USA,FOR_SALE,SINGLE_FAMILY,True,False,1964.0,sqft,5662.8,439000.0,2595,423300
40,1.0,2.0,Orlando,USA,FOR_SALE,SINGLE_FAMILY,True,False,914.0,sqft,5662.8,225000.0,1694,149800
41,2.0,2.0,Orlando,USA,FOR_SALE,CONDO,True,False,934.0,sqft,3484.8,245000.0,1699,0.0
42,3.0,3.0,Orlando,USA,FOR_SALE,SINGLE_FAMILY,True,False,1480.0,noUnit,0.0,335000.0,2300,350000
43,3.0,4.0,Orlando,USA,FOR_SALE,SINGLE_FAMILY,True,False,1430.0,sqft,10018.8,379880.0,1950,225200
44,2.0,2.0,Orlando,USA,FOR_SALE,MANUFACTURED,True,False,624.0,noUnit,0.0,39900.0,0.0,0.0
45,2.0,2.0,Orlando,USA,FOR_SALE,CONDO,True,False,864.0,sqft,10018.8,139000.0,1500,143800
46,2.0,3.0,Orlando,USA,FOR_SALE,SINGLE_FAMILY,True,False,2050.0,sqft,6098.4,530000.0,0.0,0.0
47,3.0,3.0,Orlando,USA,FOR_SALE,TOWNHOUSE,True,False,1652.0,sqft,2613.6,409580.0,1950,0.0
48,0.0,0.0,Orlando,USA,FOR_SALE,LOT,True,False,0.0,sqft,7405.2,375000.0,2997,650400
49,2.0,2.0,Orlando,USA,FOR_SALE,TOWNHOUSE,True,False,868.0,sqft,1742.4,109500.0,1497,138000
50,2.0,4.0,Orlando,USA,FOR_SALE,SINGLE_FAMILY,True,False,1711.0,acres,0.3,441000.0,2252,406800
51,4.0,6.0,Orlando,USA,FOR_SALE,MULTI_FAMILY,True,False,2693.0,acres,0.37,360000.0,0.0,0.0
52,0.0,0.0,Orlando,USA,FOR_SALE,LOT,True,False,0.0,sqft,6969.6,375000.0,0.0,0.0
53,5.0,7.0,Orlando,USA,FOR_SALE,SINGLE_FAMILY,True,False,5253.0,sqft,9583.2,2150000.0,0.0,0.0
54,3.0,3.0,Orlando,USA,FOR_SALE,SINGLE_FAMILY,True,False,2111.0,sqft,7405.2,520000.0,2875,528100
55,3.0,3.0,Orlando,USA,FOR_SALE,TOWNHOUSE,True,False,1707.0,noUnit,0.0,391490.0,1599,0.0
56,3.0,3.0,Orlando,USA,FOR_SALE,TOWNHOUSE,True,False,1672.0,sqft,1742.4,429900.0,2555,404200
57,3.0,3.0,Orlando,USA,FOR_SALE,TOWNHOUSE,True,False,1720.0,sqft,4356.0,480000.0,2600,427200
58,3.0,5.0,Orlando,USA,FOR_SALE,SINGLE_FAMILY,True,False,2730.0,sqft,9147.6,565000.0,3028,559200
59,0.0,0.0,Orlando,USA,FOR_SALE,LOT,True,False,0.0,acres,5.0,300000.0,1993,0.0
60,2.0,3.0,Orlando,USA,FOR_SALE,MANUFACTURED,True,False,1012.0,noUnit,0.0,119000.0,0.0,0.0
61,2.0,2.0,Orlando,USA,FOR_SALE,CONDO,True,False,996.0,sqft,435.6,169000.0,1550,144000
62,3.0,5.0,Orlando,USA,FOR_SALE,SINGLE_FAMILY,True,False,2702.0,sqft,10018.8,730000.0,3499,693900
63,2.0,2.0,Orlando,USA,FOR_SALE,CONDO,True,False,1240.0,sqft,871.2,189900.0,1649,186700
64,3.0,3.0,Orlando,USA,FOR_SALE,TOWNHOUSE,True,False,1682.0,sqft,871.2,354999.0,2400,325400
65,2.0,3.0,Orlando,USA,FOR_SALE,SINGLE_FAMILY,True,False,1244.0,sqft,10018.8,415000.0,0.0,0.0
66,0.0,0.0,Orlando,USA,FOR_SALE,LOT,True,False,0.0,acres,1.2,157000.0,0.0,0.0
67,0.0,0.0,Orlando,USA,FOR_SALE,LOT,True,False,0.0,acres,0.31,679900.0,0.0,0.0
68,2.0,4.0,Orlando,USA,FOR_SALE,SINGLE_FAMILY,True,False,2629.0,noUnit,0.0,595990.0,1995,0.0
69,2.0,3.0,Orlando,USA,FOR_SALE,SINGLE_FAMILY,True,False,1127.0,sqft,9583.2,325000.0,1999,325000
70,1.0,3.0,Orlando,USA,FOR_SALE,SINGLE_FAMILY,True,False,1003.0,sqft,10454.4,219900.0,2124,153200
71,3.0,3.0,Orlando,USA,FOR_SALE,TOWNHOUSE,True,False,1678.0,sqft,1742.4,367000.0,2385,360690
72,4.0,4.0,Orlando,USA,FOR_SALE,SINGLE_FAMILY,True,False,3306.0,noUnit,0.0,875000.0,1694,0.0
73,4.0,4.0,Orlando,USA,FOR_SALE,SINGLE_FAMILY,True,False,2843.0,noUnit,0.0,653990.0,3336,0.0
74,1.0,2.0,Orlando,USA,FOR_SALE,SINGLE_FAMILY,True,False,1260.0,sqft,6098.4,395000.0,1999,395000
75,2.0,3.0,Orlando,USA,FOR_SALE,SINGLE_FAMILY,True,False,1316.0,sqft,6969.6,514900.0,2449,508019
76,0.0,0.0,Orlando,USA,FOR_SALE,LOT,True,False,0.0,acres,0.61,170000.0,950,0.0
77,1.0,1.0,Orlando,USA,FOR_SALE,CONDO,True,False,644.0,sqft,5662.8,150000.0,1500,148461
78,3.0,4.0,Orlando,USA,FOR_SALE,SINGLE_FAMILY,True,False,2588.0,acres,0.26,650000.0,0.0,0.0
79,3.0,4.0,Orlando,USA,FOR_SALE,SINGLE_FAMILY,True,False,2139.0,sqft,5662.8,610000.0,1515,0.0
80,2.0,3.0,Orlando,USA,FOR_SALE,SINGLE_FAMILY,True,False,2005.0,sqft,7405.2,649000.0,2946,636519
81,2.0,3.0,Orlando,USA,FOR_SALE,CONDO,True,False,1253.0,sqft,10018.8,173900.0,1900,172243
82,3.0,3.0,Orlando,USA,FOR_SALE,TOWNHOUSE,True,False,1473.0,noUnit,0.0,353490.0,1599,0.0
83,2.0,3.0,Orlando,USA,FOR_SALE,SINGLE_FAMILY,True,False,2432.0,noUnit,0.0,635990.0,3055,0.0
84,2.0,2.0,Orlando,USA,FOR_SALE,CONDO,True,False,1248.0,acres,8.98,200000.0,0.0,0.0
85,2.0,3.0,Orlando,USA,FOR_SALE,SINGLE_FAMILY,True,False,2051.0,noUnit,0.0,546490.0,2723,603800
86,3.0,3.0,Orlando,USA,FOR_SALE,TOWNHOUSE,True,False,1669.0,noUnit,0.0,376990.0,1999,0.0
87,2.0,5.0,Orlando,USA,FOR_SALE,SINGLE_FAMILY,True,False,1529.0,sqft,7840.8,269000.0,1849,254600
88,1.0,3.0,Orlando,USA,FOR_SALE,SINGLE_FAMILY,True,False,916.0,acres,0.61,345000.0,1507,320600
89,2.0,2.0,Orlando,USA,FOR_SALE,CONDO,True,False,864.0,sqft,9583.2,145000.0,0.0,0.0
90,4.0,5.0,Orlando,USA,FOR_SALE,SINGLE_FAMILY,True,False,2795.0,acres,0.27999999999999997,680000.0,4561,588400
91,3.0,2.0,Orlando,USA,FOR_SALE,TOWNHOUSE,True,False,1303.0,sqft,871.2,269900.0,1898,253700
92,3.0,4.0,Orlando,USA,FOR_SALE,SINGLE_FAMILY,True,False,1957.0,sqft,7405.2,450000.0,2783,473200
93,2.0,4.0,Orlando,USA,FOR_SALE,SINGLE_FAMILY,True,False,2327.0,noUnit,0.0,837500.0,1694,0.0
94,3.0,4.0,Orlando,USA,FOR_SALE,SINGLE_FAMILY,True,False,2687.0,noUnit,0.0,701990.0,1995,686536
95,0.0,0.0,Orlando,USA,FOR_SALE,SINGLE_FAMILY,True,False,0.0,noUnit,0.0,0.0,1997,0.0
96,2.0,3.0,Orlando,USA,FOR_SALE,SINGLE_FAMILY,True,False,1259.0,sqft,6534.0,389900.0,0.0,0.0
97,1.0,2.0,Orlando,USA,FOR_SALE,CONDO,True,False,1296.0,sqft,3049.2,285000.0,0.0,0.0
98,2.0,4.0,Orlando,USA,FOR_SALE,SINGLE_FAMILY,True,False,1940.0,sqft,5662.8,424990.0,2611,0.0
99,3.0,3.0,Orlando,USA,FOR_SALE,TOWNHOUSE,True,False,1769.0,sqft,1742.4,495000.0,1978,421200
100,3.0,3.0,Orlando,USA,FOR_SALE,TOWNHOUSE,True,False,1556.0,noUnit,0.0,359990.0,1599,0.0
101,3.0,4.0,Orlando,USA,FOR_SALE,SINGLE_FAMILY,True,False,2343.0,noUnit,0.0,613990.0,3223,601682
102,0.0,0.0,Orlando,USA,FOR_SALE,SINGLE_FAMILY,True,False,0.0,noUnit,0.0,0.0,1997,0.0
103,2.0,2.0,Orlando,USA,FOR_SALE,CONDO,True,False,889.0,sqft,10018.8,185000.0,1550,180500
104,2.0,2.0,Orlando,USA,FOR_SALE,CONDO,True,False,1785.0,acres,1.92,499000.0,3850,375800
105,3.0,5.0,Orlando,USA,FOR_SALE,SINGLE_FAMILY,True,False,2998.0,acres,0.32,599900.0,3167,583069
106,1.0,1.0,Orlando,USA,FOR_SALE,CONDO,True,False,580.0,acres,0.26,139900.0,0.0,0.0
107,3.0,4.0,Orlando,USA,FOR_SALE,SINGLE_FAMILY,True,False,2353.0,sqft,6534.0,725000.0,0.0,0.0
108,3.0,2.0,Orlando,USA,FOR_SALE,TOWNHOUSE,True,False,1230.0,sqft,871.2,360000.0,1890,244000
109,3.0,3.0,Orlando,USA,FOR_SALE,TOWNHOUSE,True,False,1659.0,noUnit,0.0,424490.0,1995,0.0
110,3.0,3.0,Orlando,USA,FOR_SALE,TOWNHOUSE,True,False,1729.0,noUnit,0.0,401990.0,1999,0.0
111,0.0,0.0,Orlando,USA,FOR_SALE,SINGLE_FAMILY,True,False,0.0,noUnit,0.0,0.0,1849,0.0
112,3.0,3.0,Orlando,USA,FOR_SALE,SINGLE_FAMILY,True,False,2913.0,acres,0.38,420000.0,2959,382300
113,3.0,3.0,Orlando,USA,FOR_SALE,TOWNHOUSE,True,False,1553.0,sqft,3920.4,395000.0,2300,366400
114,3.0,3.0,Orlando,USA,FOR_SALE,SINGLE_FAMILY,True,False,1572.0,sqft,7405.2,310000.0,0.0,0.0
115,2.0,3.0,Orlando,USA,FOR_SALE,SINGLE_FAMILY,True,False,2022.0,acres,0.25,499000.0,2849,483278
116,2.0,2.0,Orlando,USA,FOR_SALE,MULTI_FAMILY,True,False,1131.0,sqft,5662.8,269000.0,1649,252400
117,2.0,4.0,Orlando,USA,FOR_SALE,SINGLE_FAMILY,True,False,2008.0,sqft,6098.4,484990.0,0.0,0.0
118,2.0,3.0,Orlando,USA,FOR_SALE,CONDO,True,False,1200.0,sqft,6969.6,249900.0,0.0,0.0
119,3.0,4.0,Orlando,USA,FOR_SALE,SINGLE_FAMILY,True,False,2717.0,noUnit,0.0,703990.0,2262,687665
120,2.0,3.0,Orlando,USA,FOR_SALE,MANUFACTURED,True,False,576.0,noUnit,0.0,25300.0,1646,0.0
121,2.0,4.0,Orlando,USA,FOR_SALE,SINGLE_FAMILY,True,False,1688.0,sqft,10018.8,365000.0,0.0,0.0
122,2.0,3.0,Orlando,USA,FOR_SALE,SINGLE_FAMILY,True,False,1246.0,sqft,10018.8,439848.0,2300,443700
123,3.0,4.0,Orlando,USA,FOR_SALE,SINGLE_FAMILY,True,False,2559.0,sqft,8712.0,424900.0,2822,417574
124,3.0,4.0,Orlando,USA,FOR_SALE,SINGLE_FAMILY,True,False,2743.0,sqft,9147.6,714999.0,3499,0.0
125,2.0,3.0,Orlando,USA,FOR_SALE,SINGLE_FAMILY,True,False,1632.0,sqft,9583.2,299000.0,0.0,0.0
126,4.0,4.0,Orlando,USA,FOR_SALE,SINGLE_FAMILY,True,False,1765.0,acres,0.29,580000.0,2400,388500
127,3.0,3.0,Orlando,USA,FOR_SALE,TOWNHOUSE,True,False,1284.0,sqft,1306.8,335000.0,2199,330400
128,4.0,5.0,Orlando,USA,FOR_SALE,SINGLE_FAMILY,True,False,2848.0,sqft,6969.6,1200000.0,3821,706200
129,2.0,2.0,Orlando,USA,FOR_SALE,CONDO,True,False,1392.0,acres,1.92,250000.0,2095,302800
130,3.0,4.0,Orlando,USA,FOR_SALE,SINGLE_FAMILY,True,False,2436.0,sqft,6098.4,545990.0,0.0,0.0
131,2.0,3.0,Orlando,USA,FOR_SALE,SINGLE_FAMILY,True,False,1620.0,acres,0.27,499900.0,2491,496249
132,3.0,3.0,Orlando,USA,FOR_SALE,TOWNHOUSE,True,False,1594.0,sqft,1742.4,349990.0,1649,340528
133,3.0,4.0,Orlando,USA,FOR_SALE,SINGLE_FAMILY,True,False,2694.0,acres,0.33999999999999997,640000.0,2826,608500
134,3.0,4.0,Orlando,USA,FOR_SALE,SINGLE_FAMILY,True,False,2608.0,sqft,6098.4,499000.0,2816,486900
135,2.0,2.0,Orlando,USA,FOR_SALE,CONDO,True,False,992.0,sqft,6969.6,95000.0,1474,192100
136,2.0,2.0,Orlando,USA,FOR_SALE,CONDO,True,False,1400.0,acres,12.56,239900.0,0.0,0.0
137,2.0,3.0,Orlando,USA,FOR_SALE,SINGLE_FAMILY,True,False,1250.0,sqft,6534.0,297000.0,1719,297000
138,2.0,3.0,Orlando,USA,FOR_SALE,SINGLE_FAMILY,True,False,1565.0,sqft,6098.4,379900.0,2406,376300
139,3.0,3.0,Orlando,USA,FOR_SALE,CONDO,True,False,1216.0,sqft,871.2,129999.0,1794,124867
140,1.0,1.0,Orlando,USA,FOR_SALE,CONDO,True,False,739.0,acres,2.16,240000.0,1500,234900
141,2.0,3.0,Orlando,USA,FOR_SALE,SINGLE_FAMILY,True,False,1628.0,sqft,8712.0,380000.0,2199,380000
142,2.0,3.0,Orlando,USA,FOR_SALE,SINGLE_FAMILY,True,False,1357.0,sqft,7405.2,246000.0,1900,245900
143,1.0,3.0,Orlando,USA,FOR_SALE,SINGLE_FAMILY,True,False,1979.0,sqft,8276.4,374500.0,2495,379000
144,2.0,3.0,Orlando,USA,FOR_SALE,SINGLE_FAMILY,True,False,1554.0,sqft,8712.0,396000.0,2199,387900
145,2.0,3.0,Orlando,USA,FOR_SALE,SINGLE_FAMILY,True,False,1542.0,sqft,9583.2,410000.0,2449,402500
146,2.0,2.0,Orlando,USA,FOR_SALE,SINGLE_FAMILY,True,False,1554.0,sqft,9583.2,349900.0,2115,342600
147,3.0,4.0,Orlando,USA,FOR_SALE,SINGLE_FAMILY,True,False,2906.0,acres,0.8,1450000.0,5605,1382200
148,1.0,1.0,Orlando,USA,FOR_SALE,CONDO,True,False,715.0,sqft,10454.4,140000.0,0.0,0.0
149,3.0,4.0,Orlando,USA,FOR_SALE,SINGLE_FAMILY,True,False,2645.0,sqft,6534.0,500000.0,2995,486452
150,3.0,4.0,Orlando,USA,FOR_SALE,SINGLE_FAMILY,True,False,2000.0,sqft,5227.2,435000.0,2549,428417
151,3.0,2.0,Orlando,USA,FOR_SALE,CONDO,True,False,1548.0,sqft,3484.8,260000.0,1997,255200
152,2.0,3.0,Orlando,USA,FOR_SALE,SINGLE_FAMILY,True,False,1686.0,sqft,7840.8,395000.0,2400,390300
153,2.0,3.0,Orlando,USA,FOR_SALE,CONDO,True,False,1423.0,sqft,8712.0,240000.0,2195,231800
154,1.0,3.0,Orlando,USA,FOR_SALE,SINGLE_FAMILY,True,False,824.0,sqft,5662.8,249900.0,1699,245100
155,4.0,3.0,Orlando,USA,FOR_SALE,SINGLE_FAMILY,True,False,3111.0,acres,0.25,579000.0,3200,567300
156,4.0,4.0,Orlando,USA,FOR_SALE,SINGLE_FAMILY,True,False,2758.0,noUnit,0.0,667990.0,3364,653700
157,2.0,3.0,Orlando,USA,FOR_SALE,MANUFACTURED,True,False,1344.0,noUnit,0.0,33500.0,1249,0.0
158,3.0,4.0,Orlando,USA,FOR_SALE,SINGLE_FAMILY,True,False,2325.0,sqft,6098.4,550000.0,2799,534722
159,3.0,2.0,Orlando,USA,FOR_SALE,TOWNHOUSE,True,False,1657.0,sqft,10454.4,375000.0,2849,372500
160,6.0,8.0,Orlando,USA,FOR_SALE,SINGLE_FAMILY,True,False,5201.0,acres,1.72,999000.0,5525,947896
161,2.0,3.0,Orlando,USA,FOR_SALE,SINGLE_FAMILY,True,False,1056.0,sqft,5227.2,314900.0,2145,314900
162,2.0,3.0,Orlando,USA,FOR_SALE,SINGLE_FAMILY,True,False,1328.0,sqft,9583.2,375000.0,1999,368534
163,4.0,5.0,Orlando,USA,FOR_SALE,SINGLE_FAMILY,True,False,4330.0,sqft,9147.6,839900.0,4187,818197
164,2.0,4.0,Orlando,USA,FOR_SALE,SINGLE_FAMILY,True,False,1295.0,sqft,6534.0,269000.0,1800,265400
165,2.0,3.0,Orlando,USA,FOR_SALE,SINGLE_FAMILY,True,False,1054.0,acres,0.25,345000.0,2149,345000
166,3.0,4.0,Orlando,USA,FOR_SALE,SINGLE_FAMILY,True,False,2727.0,sqft,6098.4,625000.0,2849,611100
167,3.0,3.0,Orlando,USA,FOR_SALE,SINGLE_FAMILY,True,False,2051.0,acres,0.47000000000000003,395000.0,0.0,0.0
168,1.0,1.0,Orlando,USA,FOR_SALE,CONDO,True,False,850.0,sqft,10454.4,175000.0,1481,171100
169,2.0,3.0,Orlando,USA,FOR_SALE,SINGLE_FAMILY,True,False,2100.0,sqft,7405.2,399990.0,2799,392000
170,3.0,4.0,Orlando,USA,FOR_SALE,SINGLE_FAMILY,True,False,2901.0,sqft,9583.2,899000.0,5059,885515
171,2.0,2.0,Orlando,USA,FOR_SALE,MANUFACTURED,True,False,0.0,noUnit,0.0,69900.0,0.0,0.0
172,0.0,0.0,Orlando,USA,FOR_SALE,LOT,True,False,0.0,acres,1.94,395000.0,1264,0.0
173,1.0,1.0,Orlando,USA,FOR_SALE,CONDO,True,False,715.0,sqft,3484.8,299750.0,0.0,0.0
174,2.0,3.0,Orlando,USA,FOR_SALE,SINGLE_FAMILY,True,False,1209.0,sqft,8276.4,320000.0,2100,320000
175,2.0,3.0,Orlando,USA,FOR_SALE,SINGLE_FAMILY,True,False,1387.0,sqft,5227.2,300000.0,0.0,0.0
176,3.0,4.0,Orlando,USA,FOR_SALE,TOWNHOUSE,True,False,1678.0,noUnit,0.0,430990.0,1995,0.0
177,3.0,4.0,Orlando,USA,FOR_SALE,TOWNHOUSE,True,False,1769.0,noUnit,0.0,396990.0,1999,0.0
178,2.0,2.0,Orlando,USA,FOR_SALE,MANUFACTURED,True,False,1344.0,noUnit,0.0,219900.0,1900,218900
179,2.0,3.0,Orlando,USA,FOR_SALE,CONDO,True,False,1310.0,sqft,4356.0,170000.0,1916,168400
180,2.0,2.0,Orlando,USA,FOR_SALE,TOWNHOUSE,True,False,952.0,sqft,2178.0,250000.0,1599,243400
181,3.0,4.0,Orlando,USA,FOR_SALE,SINGLE_FAMILY,True,False,2428.0,sqft,6969.6,499900.0,2699,485884
182,2.0,3.0,Orlando,USA,FOR_SALE,SINGLE_FAMILY,True,False,1749.0,sqft,8276.4,315000.0,2394,315000
183,2.0,3.0,Orlando,USA,FOR_SALE,SINGLE_FAMILY,True,False,1497.0,sqft,9583.2,375000.0,0.0,0.0
184,1.0,1.0,Orlando,USA,FOR_SALE,CONDO,True,False,780.0,sqft,4791.6,79900.0,1295,78900
185,4.0,5.0,Orlando,USA,FOR_SALE,SINGLE_FAMILY,True,False,3177.0,acres,0.25,740900.0,0.0,0.0
186,2.0,3.0,Orlando,USA,FOR_SALE,SINGLE_FAMILY,True,False,1989.0,sqft,5227.2,440000.0,2600,427800
187,2.0,5.0,Orlando,USA,FOR_SALE,SINGLE_FAMILY,True,False,1987.0,sqft,5662.8,399900.0,2350,391900
188,5.0,7.0,Orlando,USA,FOR_SALE,SINGLE_FAMILY,True,False,3557.0,sqft,10018.8,589000.0,4749,583400
189,1.0,3.0,Orlando,USA,FOR_SALE,SINGLE_FAMILY,True,False,1044.0,sqft,9147.6,289999.0,1996,290000
190,1.0,2.0,Orlando,USA,FOR_SALE,CONDO,True,False,810.0,acres,0.26,170000.0,1599,164800
191,2.0,4.0,Orlando,USA,FOR_SALE,MANUFACTURED,True,False,1478.0,noUnit,0.0,156900.0,1800,0.0
192,1.0,2.0,Orlando,USA,FOR_SALE,SINGLE_FAMILY,True,False,939.0,sqft,6969.6,379900.0,1794,374800
193,5.0,5.0,Orlando,USA,FOR_SALE,SINGLE_FAMILY,True,False,3606.0,sqft,7405.2,999000.0,0.0,964400
194,1.0,3.0,Orlando,USA,FOR_SALE,SINGLE_FAMILY,True,False,1164.0,sqft,6969.6,339900.0,1990,0.0
195,2.0,2.0,Orlando,USA,FOR_SALE,CONDO,True,False,1142.0,acres,0.39,249900.0,1749,245591
196,6.0,5.0,Orlando,USA,FOR_SALE,SINGLE_FAMILY,True,False,4991.0,sqft,7405.2,1448840.0,0.0,0.0
197,3.0,3.0,Orlando,USA,FOR_SALE,TOWNHOUSE,True,False,1603.0,sqft,2178.0,357900.0,2199,375300
198,4.0,4.0,Orlando,USA,FOR_SALE,SINGLE_FAMILY,True,False,3443.0,sqft,6534.0,1026000.0,5164,997499
199,4.0,5.0,Orlando,USA,FOR_SALE,SINGLE_FAMILY,True,False,3279.0,sqft,8712.0,654000.0,0.0,0.0
200,0.0,0.0,Orlando,USA,FOR_SALE,LOT,True,False,0.0,acres,5.0,350000.0,1695,0.0
201,3.0,3.0,Orlando,USA,FOR_SALE,SINGLE_FAMILY,True,False,2533.0,sqft,5662.8,499990.0,2799,488000
202,2.0,3.0,Orlando,USA,FOR_SALE,SINGLE_FAMILY,True,False,2309.0,acres,0.27,470000.0,0.0,0.0
203,3.0,3.0,Orlando,USA,FOR_SALE,SINGLE_FAMILY,True,False,1600.0,sqft,6969.6,395900.0,0.0,0.0
204,4.0,3.0,Orlando,USA,FOR_SALE,SINGLE_FAMILY,True,False,2757.0,sqft,6098.4,585000.0,3128,568700
205,2.0,3.0,Orlando,USA,FOR_SALE,SINGLE_FAMILY,True,False,1475.0,sqft,5227.2,368750.0,2292,364200
206,2.0,3.0,Orlando,USA,FOR_SALE,CONDO,True,False,1600.0,sqft,6098.4,244900.0,0.0,0.0
207,2.0,2.0,Orlando,USA,FOR_SALE,SINGLE_FAMILY,True,False,1211.0,sqft,7840.8,320000.0,1997,320001
208,2.0,2.0,Orlando,USA,FOR_SALE,CONDO,True,False,1165.0,acres,0.27999999999999997,165000.0,1509,161300
209,2.0,2.0,Orlando,USA,FOR_SALE,CONDO,True,False,1305.0,acres,0.54,254990.0,1784,253400
210,4.0,4.0,Orlando,USA,FOR_SALE,SINGLE_FAMILY,True,False,3157.0,acres,0.35,1150000.0,6240,1118055
211,3.0,4.0,Orlando,USA,FOR_SALE,SINGLE_FAMILY,True,False,3090.0,sqft,10454.4,850000.0,0.0,0.0
212,2.0,4.0,Orlando,USA,FOR_SALE,SINGLE_FAMILY,True,False,1920.0,sqft,6534.0,410000.0,2504,402500
213,4.0,5.0,Orlando,USA,FOR_SALE,SINGLE_FAMILY,True,False,3764.0,noUnit,0.0,777990.0,1881,0.0
214,1.0,3.0,Orlando,USA,FOR_SALE,SINGLE_FAMILY,True,False,1021.0,sqft,6534.0,235000.0,0.0,0.0
215,3.0,4.0,Orlando,USA,FOR_SALE,SINGLE_FAMILY,True,False,2783.0,noUnit,0.0,599990.0,1497,0.0
216,2.0,2.0,Orlando,USA,FOR_SALE,CONDO,True,False,1116.0,sqft,10018.8,219900.0,0.0,0.0
217,3.0,3.0,Orlando,USA,FOR_SALE,TOWNHOUSE,True,False,1806.0,sqft,2178.0,390000.0,2600,383184
218,2.0,3.0,Orlando,USA,FOR_SALE,CONDO,True,False,1198.0,sqft,1306.8,185000.0,1800,180400
219,1.0,2.0,Orlando,USA,FOR_SALE,SINGLE_FAMILY,True,False,902.0,sqft,9147.6,238000.0,1735,233700
220,2.0,3.0,Orlando,USA,FOR_SALE,SINGLE_FAMILY,True,False,1334.0,noUnit,0.0,385000.0,2395,378700
221,2.0,3.0,Orlando,USA,FOR_SALE,SINGLE_FAMILY,True,False,1120.0,sqft,6969.6,259000.0,1890,254839
222,2.0,3.0,Orlando,USA,FOR_SALE,CONDO,True,False,1805.0,sqft,0.0,484990.0,0.0,0.0
223,2.0,2.0,Orlando,USA,FOR_SALE,CONDO,True,False,1549.0,sqft,0.0,464990.0,0.0,0.0
224,2.0,3.0,Orlando,USA,FOR_SALE,CONDO,True,False,1962.0,noUnit,0.0,379000.0,2526,369686
225,2.0,3.0,Orlando,USA,FOR_SALE,SINGLE_FAMILY,True,False,1800.0,acres,0.44000000000000006,380000.0,2329,375900
226,2.0,3.0,Orlando,USA,FOR_SALE,SINGLE_FAMILY,True,False,975.0,sqft,7840.8,285000.0,1500,283018
227,2.0,3.0,Orlando,USA,FOR_SALE,CONDO,True,False,1334.0,sqft,6534.0,249900.0,0.0,0.0
228,0.0,0.0,Orlando,USA,FOR_SALE,LOT,True,False,0.0,sqft,9147.6,195000.0,2026,0.0
229,2.0,4.0,Orlando,USA,FOR_SALE,SINGLE_FAMILY,True,False,1748.0,sqft,8276.4,355000.0,2197,355000
230,3.0,3.0,Orlando,USA,FOR_SALE,CONDO,True,False,1580.0,sqft,6534.0,349900.0,0.0,0.0
231,2.0,3.0,Orlando,USA,FOR_SALE,SINGLE_FAMILY,True,False,1958.0,sqft,6969.6,587500.0,2999,573400
232,2.0,4.0,Orlando,USA,FOR_SALE,SINGLE_FAMILY,True,False,1884.0,sqft,9583.2,320000.0,2495,320000
233,2.0,2.0,Orlando,USA,FOR_SALE,CONDO,True,False,1018.0,acres,8.4,195000.0,1500,191600
234,3.0,2.0,Orlando,USA,FOR_SALE,CONDO,True,False,1437.0,sqft,871.2,217000.0,1900,212000
235,2.0,3.0,Orlando,USA,FOR_SALE,SINGLE_FAMILY,True,False,1124.0,sqft,8276.4,350000.0,2295,350000
236,3.0,3.0,Orlando,USA,FOR_SALE,TOWNHOUSE,True,False,1379.0,noUnit,0.0,356990.0,1999,0.0
237,2.0,2.0,Orlando,USA,FOR_SALE,MANUFACTURED,True,False,1624.0,noUnit,0.0,249900.0,1485,0.0
238,3.0,3.0,Orlando,USA,FOR_SALE,SINGLE_FAMILY,True,False,3648.0,noUnit,0.0,680990.0,1881,0.0
239,2.0,3.0,Orlando,USA,FOR_SALE,CONDO,True,False,1231.0,sqft,1306.8,239990.0,2296,234600
240,2.0,3.0,Orlando,USA,FOR_SALE,MANUFACTURED,True,False,1296.0,acres,4.56,1500000.0,1999,1412800
241,3.0,4.0,Orlando,USA,FOR_SALE,SINGLE_FAMILY,True,False,2553.0,sqft,8276.4,505000.0,2822,495500
242,2.0,4.0,Orlando,USA,FOR_SALE,SINGLE_FAMILY,True,False,1862.0,sqft,6098.4,420000.0,0.0,0.0
243,2.0,4.0,Orlando,USA,FOR_SALE,SINGLE_FAMILY,True,False,1934.0,sqft,5227.2,442500.0,0.0,0.0
244,4.0,4.0,Orlando,USA,FOR_SALE,SINGLE_FAMILY,True,False,3100.0,noUnit,0.0,728990.0,4249,0.0
245,2.0,3.0,Orlando,USA,FOR_SALE,SINGLE_FAMILY,True,False,2445.0,sqft,8276.4,745000.0,0.0,0.0
246,3.0,4.0,Orlando,USA,FOR_SALE,SINGLE_FAMILY,True,False,2459.0,sqft,7405.2,690000.0,3134,675979
247,3.0,3.0,Orlando,USA,FOR_SALE,SINGLE_FAMILY,True,False,1788.0,noUnit,0.0,591900.0,1881,0.0
248,3.0,5.0,Orlando,USA,FOR_SALE,SINGLE_FAMILY,True,False,3090.0,acres,0.31,890000.0,3876,867800
249,3.0,6.0,Orlando,USA,FOR_SALE,SINGLE_FAMILY,True,False,3890.0,acres,0.26,745000.0,0.0,0.0
250,2.0,2.0,Orlando,USA,FOR_SALE,CONDO,True,False,1124.0,sqft,8712.0,250000.0,0.0,0.0
251,2.0,2.0,Orlando,USA,FOR_SALE,SINGLE_FAMILY,True,False,1158.0,sqft,7405.2,255000.0,1794,255000
252,3.0,3.0,Orlando,USA,FOR_SALE,TOWNHOUSE,True,False,1872.0,sqft,871.2,329000.0,2485,319900
253,2.0,3.0,Orlando,USA,FOR_SALE,TOWNHOUSE,True,False,1365.0,sqft,4791.6,415000.0,2236,404300
254,2.0,4.0,Orlando,USA,FOR_SALE,SINGLE_FAMILY,True,False,1300.0,sqft,6969.6,154900.0,1995,151400
255,1.0,1.0,Orlando,USA,FOR_SALE,CONDO,True,False,724.0,sqft,9583.2,169000.0,1392,165223
256,1.0,1.0,Orlando,USA,FOR_SALE,CONDO,True,False,753.0,acres,0.3,199000.0,1599,205600
257,2.0,3.0,Orlando,USA,FOR_SALE,SINGLE_FAMILY,True,False,1322.0,sqft,5662.8,399900.0,0.0,0.0
258,7.0,7.0,Orlando,USA,FOR_SALE,SINGLE_FAMILY,True,False,4471.0,acres,0.43,2000000.0,0.0,0.0
259,3.0,5.0,Orlando,USA,FOR_SALE,SINGLE_FAMILY,True,False,2455.0,sqft,4791.6,497380.0,0.0,0.0
260,1.0,1.0,Orlando,USA,FOR_SALE,CONDO,True,False,672.0,sqft,8712.0,218000.0,1300,212700
261,3.0,3.0,Orlando,USA,FOR_SALE,SINGLE_FAMILY,True,False,2198.0,sqft,6098.4,447000.0,0.0,0.0
262,2.0,4.0,Orlando,USA,FOR_SALE,SINGLE_FAMILY,True,False,1756.0,acres,0.26,425000.0,2499,417672
263,3.0,4.0,Orlando,USA,FOR_SALE,SINGLE_FAMILY,True,False,2083.0,sqft,9583.2,380000.0,2575,379500
264,4.0,4.0,Orlando,USA,FOR_SALE,SINGLE_FAMILY,True,False,2470.0,sqft,435.6,530000.0,0.0,0.0
265,1.0,3.0,Orlando,USA,FOR_SALE,SINGLE_FAMILY,True,False,1446.0,sqft,9147.6,349900.0,2240,349900
266,2.0,4.0,Orlando,USA,FOR_SALE,SINGLE_FAMILY,True,False,2100.0,sqft,8712.0,629900.0,2999,618500
267,2.0,3.0,Orlando,USA,FOR_SALE,SINGLE_FAMILY,True,False,1577.0,sqft,8276.4,479000.0,2694,474200
268,3.0,3.0,Orlando,USA,FOR_SALE,TOWNHOUSE,True,False,1611.0,noUnit,0.0,384490.0,1599,0.0
269,3.0,5.0,Orlando,USA,FOR_SALE,SINGLE_FAMILY,True,False,3150.0,noUnit,0.0,704990.0,3717,683100
270,2.0,4.0,Orlando,USA,FOR_SALE,SINGLE_FAMILY,True,False,1118.0,sqft,9147.6,279500.0,2094,279500
271,4.0,4.0,Orlando,USA,FOR_SALE,MULTI_FAMILY,True,False,1248.0,acres,0.37,399000.0,2100,393700
272,4.0,5.0,Orlando,USA,FOR_SALE,SINGLE_FAMILY,True,False,2647.0,noUnit,0.0,583990.0,4402,0.0
273,2.0,2.0,Orlando,USA,FOR_SALE,SINGLE_FAMILY,True,False,1172.0,sqft,6969.6,499000.0,0.0,0.0
274,3.0,3.0,Orlando,USA,FOR_SALE,SINGLE_FAMILY,True,False,2241.0,sqft,3920.4,650000.0,3200,631944
275,3.0,4.0,Orlando,USA,FOR_SALE,CONDO,True,False,3172.0,acres,1.31,1799000.0,0.0,0.0
276,1.0,2.0,Orlando,USA,FOR_SALE,SINGLE_FAMILY,True,False,720.0,sqft,6969.6,195000.0,1550,190700
277,2.0,4.0,Orlando,USA,FOR_SALE,SINGLE_FAMILY,True,False,2035.0,sqft,8276.4,375000.0,2463,374100
278,3.0,3.0,Orlando,USA,FOR_SALE,TOWNHOUSE,True,False,1841.0,sqft,3049.2,389900.0,2300,382725
279,3.0,3.0,Orlando,USA,FOR_SALE,TOWNHOUSE,True,False,1810.0,sqft,3484.8,549000.0,2949,536700
280,2.0,3.0,Orlando,USA,FOR_SALE,SINGLE_FAMILY,True,False,2136.0,sqft,10454.4,518000.0,2934,511501
281,2.0,4.0,Orlando,USA,FOR_SALE,SINGLE_FAMILY,True,False,1549.0,acres,0.32999999999999996,399000.0,0.0,0.0
282,2.0,3.0,Orlando,USA,FOR_SALE,SINGLE_FAMILY,True,False,1456.0,acres,0.5700000000000001,290000.0,2128,284500
283,2.0,4.0,Orlando,USA,FOR_SALE,SINGLE_FAMILY,True,False,1851.0,sqft,10018.8,379900.0,0.0,0.0
284,2.0,3.0,Orlando,USA,FOR_SALE,SINGLE_FAMILY,True,False,1571.0,noUnit,0.0,480490.0,1995,0.0
285,2.0,2.0,Orlando,USA,FOR_SALE,MANUFACTURED,True,False,1344.0,noUnit,0.0,209900.0,1485,208900
286,5.0,4.0,Orlando,USA,FOR_SALE,SINGLE_FAMILY,True,False,3210.0,noUnit,0.0,758990.0,1881,0.0
287,3.0,2.0,Orlando,USA,FOR_SALE,TOWNHOUSE,True,False,1815.0,noUnit,0.0,539995.0,1557,0.0
288,2.0,3.0,Orlando,USA,FOR_SALE,SINGLE_FAMILY,True,False,1704.0,sqft,7840.8,478800.0,2474,467500
289,3.0,3.0,Orlando,USA,FOR_SALE,TOWNHOUSE,True,False,2010.0,sqft,1306.8,440000.0,0.0,0.0
290,4.0,4.0,Orlando,USA,FOR_SALE,SINGLE_FAMILY,True,False,2247.0,noUnit,0.0,620900.0,1881,0.0
291,3.0,3.0,Orlando,USA,FOR_SALE,TOWNHOUSE,True,False,1594.0,noUnit,0.0,349990.0,1649,0.0
292,2.0,3.0,Orlando,USA,FOR_SALE,SINGLE_FAMILY,True,False,1329.0,sqft,9147.6,310000.0,0.0,0.0
293,2.0,2.0,Orlando,USA,FOR_SALE,CONDO,True,False,1250.0,acres,12.56,250000.0,0.0,0.0
294,2.0,2.0,Orlando,USA,FOR_SALE,CONDO,True,False,1120.0,sqft,0.0,235000.0,0.0,0.0
295,2.0,3.0,Orlando,USA,FOR_SALE,SINGLE_FAMILY,True,False,2230.0,acres,1.83,526000.0,2894,513500
296,2.0,2.0,Orlando,USA,FOR_SALE,CONDO,True,False,1121.0,acres,1.35,245000.0,0.0,0.0
297,2.0,3.0,Orlando,USA,FOR_SALE,SINGLE_FAMILY,True,False,1206.0,sqft,6969.6,288750.0,1800,288750
298,3.0,4.0,Orlando,USA,FOR_SALE,SINGLE_FAMILY,True,False,3024.0,acres,0.67,875000.0,0.0,0.0
299,6.0,5.0,Orlando,USA,FOR_SALE,SINGLE_FAMILY,True,False,4450.0,acres,0.51,3350000.0,5763,3272400
300,2.0,4.0,Orlando,USA,FOR_SALE,SINGLE_FAMILY,True,False,1518.0,sqft,7840.8,375000.0,2165,372400
301,3.0,3.0,Orlando,USA,FOR_SALE,TOWNHOUSE,True,False,1428.0,sqft,2178.0,380000.0,2250,387400
302,2.0,2.0,Orlando,USA,FOR_SALE,CONDO,True,False,909.0,sqft,2613.6,220000.0,0.0,0.0
303,2.0,2.0,Orlando,USA,FOR_SALE,SINGLE_FAMILY,True,False,1554.0,sqft,6969.6,349900.0,2195,341200
304,3.0,6.0,Orlando,USA,FOR_SALE,SINGLE_FAMILY,True,False,2707.0,sqft,8712.0,520000.0,2999,525000
305,0.0,0.0,Orlando,USA,FOR_SALE,LOT,True,False,0.0,acres,0.55,89950.0,1595,0.0
306,3.0,3.0,Orlando,USA,FOR_SALE,SINGLE_FAMILY,True,False,1626.0,sqft,5227.2,449000.0,2393,440400
307,4.0,4.0,Orlando,USA,FOR_SALE,SINGLE_FAMILY,True,False,2955.0,acres,0.32,440000.0,2840,433300
308,5.0,5.0,Orlando,USA,FOR_SALE,SINGLE_FAMILY,True,False,4024.0,noUnit,0.0,805990.0,2811,0.0
309,3.0,4.0,Orlando,USA,FOR_SALE,TOWNHOUSE,True,False,1994.0,sqft,4791.6,510000.0,2949,496108
310,3.0,3.0,Orlando,USA,FOR_SALE,TOWNHOUSE,True,False,1685.0,sqft,3049.2,375000.0,2459,367000
311,2.0,3.0,Orlando,USA,FOR_SALE,SINGLE_FAMILY,True,False,1640.0,acres,0.47000000000000003,517000.0,2600,511400
312,4.0,4.0,Orlando,USA,FOR_SALE,SINGLE_FAMILY,True,False,3508.0,sqft,10018.8,699000.0,0.0,0.0
313,2.0,3.0,Orlando,USA,FOR_SALE,SINGLE_FAMILY,True,False,1314.0,sqft,8712.0,340000.0,1800,336800
314,2.0,4.0,Orlando,USA,FOR_SALE,SINGLE_FAMILY,True,False,1731.0,sqft,7840.8,310000.0,2298,302900
315,2.0,2.0,Orlando,USA,FOR_SALE,MANUFACTURED,True,False,0.0,noUnit,0.0,78599.0,0.0,0.0
316,3.0,4.0,Orlando,USA,FOR_SALE,SINGLE_FAMILY,True,False,2037.0,noUnit,0.0,584990.0,1984,0.0
317,3.0,4.0,Orlando,USA,FOR_SALE,SINGLE_FAMILY,True,False,2970.0,noUnit,0.0,625990.0,1881,0.0
318,4.0,5.0,Orlando,USA,FOR_SALE,SINGLE_FAMILY,True,False,3416.0,noUnit,0.0,780990.0,4163,0.0
319,2.0,2.0,Orlando,USA,FOR_SALE,CONDO,True,False,1060.0,sqft,871.2,264000.0,2056,258133
320,2.0,2.0,Orlando,USA,FOR_SALE,SINGLE_FAMILY,True,False,967.0,sqft,5662.8,365000.0,0.0,0.0
321,2.0,3.0,Orlando,USA,FOR_SALE,SINGLE_FAMILY,True,False,1050.0,sqft,9147.6,309000.0,1995,309000
322,3.0,3.0,Orlando,USA,FOR_SALE,TOWNHOUSE,True,False,1611.0,sqft,3484.8,412990.0,0.0,0.0
323,2.0,3.0,Orlando,USA,FOR_SALE,SINGLE_FAMILY,True,False,1272.0,sqft,5227.2,335000.0,2196,333100
324,2.0,2.0,Orlando,USA,FOR_SALE,CONDO,True,False,1160.0,sqft,4791.6,294000.0,1900,288900
325,2.0,3.0,Orlando,USA,FOR_SALE,CONDO,True,False,1202.0,sqft,6534.0,290000.0,1900,289800
326,2.0,3.0,Orlando,USA,FOR_SALE,SINGLE_FAMILY,True,False,1430.0,sqft,10018.8,318000.0,2107,319700
327,1.0,1.0,Orlando,USA,FOR_SALE,CONDO,True,False,642.0,sqft,871.2,80000.0,1200,0.0
328,3.0,3.0,Orlando,USA,FOR_SALE,TOWNHOUSE,True,False,1615.0,sqft,3049.2,373440.0,0.0,0.0
329,2.0,3.0,Orlando,USA,FOR_SALE,SINGLE_FAMILY,True,False,1520.0,acres,0.32999999999999996,599900.0,2686,580100
330,2.0,3.0,Orlando,USA,FOR_SALE,SINGLE_FAMILY,True,False,1184.0,sqft,6969.6,385000.0,2239,381300
331,3.0,3.0,Orlando,USA,FOR_SALE,SINGLE_FAMILY,True,False,1606.0,noUnit,0.0,465490.0,1997,0.0
332,2.0,2.0,Orlando,USA,FOR_SALE,CONDO,True,False,1676.0,sqft,1742.4,365000.0,0.0,0.0
333,3.0,4.0,Orlando,USA,FOR_SALE,TOWNHOUSE,True,False,1861.0,noUnit,0.0,414990.0,1964,0.0
334,2.0,1.0,Orlando,USA,FOR_SALE,CONDO,True,False,799.0,noUnit,0.0,200000.0,1492,196200
335,3.0,4.0,Orlando,USA,FOR_SALE,SINGLE_FAMILY,True,False,2689.0,noUnit,0.0,642990.0,1995,631900
336,2.0,3.0,Orlando,USA,FOR_SALE,TOWNHOUSE,True,False,1698.0,sqft,8712.0,415000.0,2459,409600
337,2.0,4.0,Orlando,USA,FOR_SALE,SINGLE_FAMILY,True,False,1972.0,sqft,6098.4,445000.0,2691,433500
338,2.0,2.0,Orlando,USA,FOR_SALE,CONDO,True,False,955.0,sqft,3920.4,125000.0,1500,118600
339,3.0,4.0,Orlando,USA,FOR_SALE,SINGLE_FAMILY,True,False,2340.0,sqft,6098.4,535000.0,2650,555000
340,2.0,3.0,Orlando,USA,FOR_SALE,SINGLE_FAMILY,True,False,1074.0,sqft,3920.4,310000.0,0.0,0.0
341,2.0,4.0,Orlando,USA,FOR_SALE,SINGLE_FAMILY,True,False,1731.0,sqft,6098.4,440000.0,2446,434100
342,2.0,3.0,Orlando,USA,FOR_SALE,SINGLE_FAMILY,True,False,1632.0,sqft,5662.8,389000.0,2145,390200
343,2.0,3.0,Orlando,USA,FOR_SALE,SINGLE_FAMILY,True,False,1528.0,sqft,7840.8,375000.0,2279,369325
344,2.0,2.0,Orlando,USA,FOR_SALE,CONDO,True,False,1042.0,sqft,7405.2,205000.0,1694,201900
345,2.0,2.0,Orlando,USA,FOR_SALE,SINGLE_FAMILY,True,False,1260.0,sqft,6534.0,315000.0,0.0,0.0
346,2.0,3.0,Orlando,USA,FOR_SALE,SINGLE_FAMILY,True,False,2032.0,acres,0.76,540000.0,0.0,0.0
347,2.0,3.0,Orlando,USA,FOR_SALE,SINGLE_FAMILY,True,False,1400.0,sqft,9147.6,335000.0,0.0,0.0
348,5.0,4.0,Orlando,USA,FOR_SALE,SINGLE_FAMILY,True,False,5476.0,acres,1.5,2300000.0,0.0,0.0
349,2.0,3.0,Orlando,USA,FOR_SALE,SINGLE_FAMILY,True,False,1453.0,sqft,7405.2,450000.0,0.0,0.0
350,5.0,4.0,Orlando,USA,FOR_SALE,SINGLE_FAMILY,True,False,2459.0,noUnit,0.0,632990.0,2501,0.0
351,2.0,3.0,Orlando,USA,FOR_SALE,SINGLE_FAMILY,True,False,1669.0,acres,0.32999999999999996,430000.0,2175,429800
352,2.0,3.0,Orlando,USA,FOR_SALE,SINGLE_FAMILY,True,False,1283.0,acres,0.26,349999.0,2225,350000
353,2.0,2.0,Orlando,USA,FOR_SALE,CONDO,True,False,1250.0,acres,12.56,220000.0,0.0,0.0
354,5.0,5.0,Orlando,USA,FOR_SALE,SINGLE_FAMILY,True,False,3189.0,acres,0.39,850000.0,4064,832965
355,2.0,3.0,Orlando,USA,FOR_SALE,SINGLE_FAMILY,True,False,2001.0,noUnit,0.0,608900.0,1881,0.0
356,5.0,6.0,Orlando,USA,FOR_SALE,SINGLE_FAMILY,True,False,5363.0,noUnit,0.0,944990.0,4963,0.0
357,3.0,3.0,Orlando,USA,FOR_SALE,TOWNHOUSE,True,False,1460.0,sqft,2613.6,360000.0,2346,355100
358,2.0,3.0,Orlando,USA,FOR_SALE,MANUFACTURED,True,False,1248.0,noUnit,0.0,95000.0,1398,0.0
359,2.0,4.0,Orlando,USA,FOR_SALE,SINGLE_FAMILY,True,False,1784.0,acres,0.31,484900.0,2395,474900
360,3.0,4.0,Orlando,USA,FOR_SALE,SINGLE_FAMILY,True,False,2880.0,sqft,6098.4,549000.0,2977,533009
361,1.0,1.0,Orlando,USA,FOR_SALE,CONDO,True,False,711.0,sqft,8712.0,165000.0,0.0,0.0
362,3.0,3.0,Orlando,USA,FOR_SALE,TOWNHOUSE,True,False,1872.0,sqft,871.2,330000.0,2449,321600
363,3.0,3.0,Orlando,USA,FOR_SALE,SINGLE_FAMILY,True,False,1609.0,noUnit,0.0,484490.0,1995,0.0
364,6.0,5.0,Orlando,USA,FOR_SALE,SINGLE_FAMILY,True,False,3191.0,noUnit,0.0,642990.0,1881,0.0
365,3.0,4.0,Orlando,USA,FOR_SALE,TOWNHOUSE,True,False,1861.0,noUnit,0.0,414990.0,1964,0.0
366,2.0,2.0,Orlando,USA,FOR_SALE,CONDO,True,False,1165.0,sqft,9147.6,170000.0,1504,166700
367,2.0,3.0,Orlando,USA,FOR_SALE,SINGLE_FAMILY,True,False,1310.0,sqft,4356.0,370000.0,2199,368100
368,2.0,3.0,Orlando,USA,FOR_SALE,SINGLE_FAMILY,True,False,1773.0,noUnit,0.0,579990.0,1881,0.0
369,1.0,2.0,Orlando,USA,FOR_SALE,CONDO,True,False,933.0,acres,0.27,185000.0,1500,181084
370,3.0,2.0,Orlando,USA,FOR_SALE,TOWNHOUSE,True,False,1815.0,noUnit,0.0,516995.0,1557,0.0
371,4.0,5.0,Orlando,USA,FOR_SALE,SINGLE_FAMILY,True,False,3130.0,sqft,8276.4,795000.0,0.0,0.0
372,2.0,3.0,Orlando,USA,FOR_SALE,SINGLE_FAMILY,True,False,1667.0,acres,0.42000000000000004,369900.0,2199,369900
373,3.0,2.0,Orlando,USA,FOR_SALE,TOWNHOUSE,True,False,1343.0,acres,2.48,249000.0,1867,244900
374,2.0,4.0,Orlando,USA,FOR_SALE,CONDO,True,False,1489.0,sqft,10454.4,239000.0,2197,234600
375,3.0,4.0,Orlando,USA,FOR_SALE,SINGLE_FAMILY,True,False,2396.0,noUnit,0.0,628990.0,3884,0.0
376,3.0,5.0,Orlando,USA,FOR_SALE,SINGLE_FAMILY,True,False,2906.0,noUnit,0.0,605990.0,1881,0.0
377,2.0,2.0,Orlando,USA,FOR_SALE,MANUFACTURED,True,False,0.0,noUnit,0.0,64900.0,0.0,0.0
378,3.0,4.0,Orlando,USA,FOR_SALE,SINGLE_FAMILY,True,False,2353.0,sqft,5662.8,525000.0,3300,508928
379,3.0,4.0,Orlando,USA,FOR_SALE,SINGLE_FAMILY,True,False,2373.0,noUnit,0.0,591990.0,1995,0.0
380,3.0,3.0,Orlando,USA,FOR_SALE,TOWNHOUSE,True,False,1652.0,noUnit,0.0,397990.0,2211,0.0
381,4.0,5.0,Orlando,USA,FOR_SALE,SINGLE_FAMILY,True,False,3628.0,noUnit,0.0,760990.0,4749,0.0
382,2.0,3.0,Orlando,USA,FOR_SALE,MANUFACTURED,True,False,1404.0,noUnit,0.0,169900.0,1836,0.0
383,2.0,4.0,Orlando,USA,FOR_SALE,SINGLE_FAMILY,True,False,1387.0,sqft,10018.8,319900.0,2019,319900
384,2.0,3.0,Orlando,USA,FOR_SALE,SINGLE_FAMILY,True,False,1214.0,sqft,3920.4,255000.0,2049,255000
385,3.0,4.0,Orlando,USA,FOR_SALE,SINGLE_FAMILY,True,False,3099.0,sqft,6098.4,495000.0,0.0,0.0
386,0.0,0.0,Orlando,USA,FOR_SALE,LOT,True,False,0.0,acres,0.29,139000.0,1552,0.0
387,2.0,4.0,Orlando,USA,FOR_SALE,SINGLE_FAMILY,True,False,1669.0,acres,0.26,425000.0,2394,418600
388,3.0,3.0,Orlando,USA,FOR_SALE,SINGLE_FAMILY,True,False,2397.0,noUnit,0.0,629990.0,2659,0.0
389,2.0,3.0,Orlando,USA,FOR_SALE,CONDO,True,False,1801.0,sqft,7840.8,570000.0,2834,560000
390,3.0,3.0,Orlando,USA,FOR_SALE,SINGLE_FAMILY,True,False,2684.0,noUnit,0.0,769990.0,4099,0.0
391,2.0,4.0,Orlando,USA,FOR_SALE,SINGLE_FAMILY,True,False,1199.0,sqft,8276.4,320000.0,1975,319800
392,3.0,4.0,Orlando,USA,FOR_SALE,SINGLE_FAMILY,True,False,3117.0,sqft,8276.4,640000.0,0.0,0.0
393,2.0,3.0,Orlando,USA,FOR_SALE,SINGLE_FAMILY,True,False,1626.0,sqft,9147.6,315000.0,2064,315000
394,2.0,2.0,Orlando,USA,FOR_SALE,CONDO,True,False,864.0,sqft,10018.8,169950.0,1500,144400
395,2.0,3.0,Orlando,USA,FOR_SALE,SINGLE_FAMILY,True,False,1446.0,sqft,9147.6,289900.0,2195,283400
396,5.0,4.0,Orlando,USA,FOR_SALE,SINGLE_FAMILY,True,False,3630.0,noUnit,0.0,789990.0,1881,0.0
397,3.0,3.0,Orlando,USA,FOR_SALE,TOWNHOUSE,True,False,1652.0,noUnit,0.0,397990.0,2211,0.0
398,3.0,4.0,Orlando,USA,FOR_SALE,TOWNHOUSE,True,False,1861.0,sqft,2178.0,489900.0,0.0,0.0
399,2.0,3.0,Orlando,USA,FOR_SALE,SINGLE_FAMILY,True,False,1655.0,sqft,10018.8,495000.0,2484,480582
400,2.0,3.0,Orlando,USA,FOR_SALE,SINGLE_FAMILY,True,False,1629.0,sqft,10018.8,359900.0,2197,359900
401,4.0,4.0,Orlando,USA,FOR_SALE,SINGLE_FAMILY,True,False,2952.0,noUnit,0.0,700900.0,3713,0.0
402,2.0,4.0,Orlando,USA,FOR_SALE,SINGLE_FAMILY,True,False,1920.0,acres,0.31,385000.0,2594,391836
403,2.0,4.0,Orlando,USA,FOR_SALE,SINGLE_FAMILY,True,False,1595.0,sqft,9583.2,349999.0,2300,344600
404,2.0,2.0,Orlando,USA,FOR_SALE,SINGLE_FAMILY,True,False,1072.0,sqft,6969.6,200000.0,1839,195500
405,1.0,1.0,Orlando,USA,FOR_SALE,CONDO,True,False,774.0,acres,2.01,235500.0,1599,230882
406,4.0,4.0,Orlando,USA,FOR_SALE,SINGLE_FAMILY,True,False,2635.0,sqft,6969.6,829900.0,0.0,0.0
407,2.0,3.0,Orlando,USA,FOR_SALE,SINGLE_FAMILY,True,False,1608.0,sqft,6534.0,509900.0,2555,504800
408,2.0,4.0,Orlando,USA,FOR_SALE,SINGLE_FAMILY,True,False,1724.0,sqft,6534.0,725000.0,0.0,0.0
409,2.0,2.0,Orlando,USA,FOR_SALE,CONDO,True,False,1093.0,sqft,7405.2,225000.0,1649,221000
410,2.0,2.0,Orlando,USA,FOR_SALE,CONDO,True,False,930.0,acres,17.36,189000.0,1599,184400
411,0.0,0.0,Orlando,USA,FOR_SALE,LOT,True,False,0.0,acres,1.53,825000.0,0.0,0.0
412,2.0,3.0,Orlando,USA,FOR_SALE,SINGLE_FAMILY,True,False,1914.0,acres,0.37,495000.0,0.0,0.0
413,1.0,2.0,Orlando,USA,FOR_SALE,SINGLE_FAMILY,True,False,841.0,sqft,5662.8,319000.0,1999,308800
414,3.0,2.0,Orlando,USA,FOR_SALE,TOWNHOUSE,True,False,1260.0,sqft,10018.8,298000.0,1796,295400
415,4.0,6.0,Orlando,USA,FOR_SALE,MULTI_FAMILY,True,False,2172.0,sqft,6969.6,599900.0,2285,591800
416,3.0,3.0,Orlando,USA,FOR_SALE,SINGLE_FAMILY,True,False,3211.0,sqft,8276.4,819999.0,4063,800600
417,2.0,3.0,Orlando,USA,FOR_SALE,SINGLE_FAMILY,True,False,1320.0,sqft,10018.8,339900.0,1966,339900
418,0.0,0.0,Orlando,USA,FOR_SALE,LOT,True,False,0.0,acres,1.02,1400000.0,0.0,0.0
419,2.0,2.0,Orlando,USA,FOR_SALE,MANUFACTURED,True,False,840.0,noUnit,0.0,23000.0,0.0,0.0
420,2.0,2.0,Orlando,USA,FOR_SALE,MANUFACTURED,True,False,1152.0,noUnit,0.0,114000.0,1450,0.0
421,3.0,4.0,Orlando,USA,FOR_SALE,SINGLE_FAMILY,True,False,2894.0,noUnit,0.0,705990.0,2635,0.0
422,1.0,3.0,Orlando,USA,FOR_SALE,SINGLE_FAMILY,True,False,932.0,sqft,7405.2,249900.0,1571,244400
423,2.0,4.0,Orlando,USA,FOR_SALE,SINGLE_FAMILY,True,False,1609.0,sqft,7405.2,379000.0,2295,376469
424,2.0,4.0,Orlando,USA,FOR_SALE,SINGLE_FAMILY,True,False,1289.0,sqft,7405.2,275000.0,1800,256000
425,2.0,3.0,Orlando,USA,FOR_SALE,SINGLE_FAMILY,True,False,1657.0,sqft,9147.6,330000.0,2249,330000
426,2.0,4.0,Orlando,USA,FOR_SALE,SINGLE_FAMILY,True,False,1916.0,acres,0.26,365000.0,2296,364800
427,3.0,4.0,Orlando,USA,FOR_SALE,SINGLE_FAMILY,True,False,2297.0,sqft,4791.6,839000.0,3817,815100
428,2.0,3.0,Orlando,USA,FOR_SALE,SINGLE_FAMILY,True,False,1530.0,sqft,6534.0,365000.0,0.0,0.0
429,2.0,3.0,Orlando,USA,FOR_SALE,SINGLE_FAMILY,True,False,1398.0,sqft,7840.8,164000.0,1895,160500
430,3.0,4.0,Orlando,USA,FOR_SALE,SINGLE_FAMILY,True,False,1841.0,sqft,6969.6,450000.0,2999,444600
431,3.0,4.0,Orlando,USA,FOR_SALE,SINGLE_FAMILY,True,False,2628.0,sqft,6098.4,750000.0,3859,734000
432,2.0,2.0,Orlando,USA,FOR_SALE,MANUFACTURED,True,False,1300.0,noUnit,0.0,79900.0,1696,0.0
433,3.0,3.0,Orlando,USA,FOR_SALE,SINGLE_FAMILY,True,False,2037.0,noUnit,0.0,520490.0,1995,0.0
434,2.0,2.0,Orlando,USA,FOR_SALE,CONDO,True,False,930.0,acres,17.36,170000.0,1599,168200
435,2.0,2.0,Orlando,USA,FOR_SALE,MANUFACTURED,True,False,1624.0,noUnit,0.0,227900.0,2166,226200
436,3.0,4.0,Orlando,USA,FOR_SALE,SINGLE_FAMILY,True,False,2069.0,noUnit,0.0,629990.0,4086,0.0
437,3.0,2.0,Orlando,USA,FOR_SALE,TOWNHOUSE,True,False,1517.0,sqft,2178.0,430000.0,0.0,0.0
438,3.0,5.0,Orlando,USA,FOR_SALE,SINGLE_FAMILY,True,False,2211.0,sqft,8712.0,385000.0,2799,378800
439,2.0,2.0,Orlando,USA,FOR_SALE,CONDO,True,False,1009.0,sqft,9583.2,250000.0,1613,246729
440,2.0,4.0,Orlando,USA,FOR_SALE,SINGLE_FAMILY,True,False,2038.0,sqft,8712.0,495000.0,2600,483000
441,4.0,5.0,Orlando,USA,FOR_SALE,SINGLE_FAMILY,True,False,3415.0,sqft,6098.4,768713.0,0.0,0.0
442,2.0,2.0,Orlando,USA,FOR_SALE,CONDO,True,False,0.0,sqft,0.0,188000.0,1765,183100
443,4.0,4.0,Orlando,USA,FOR_SALE,SINGLE_FAMILY,True,False,3412.0,sqft,5227.2,835322.0,0.0,0.0
444,2.0,3.0,Orlando,USA,FOR_SALE,SINGLE_FAMILY,True,False,1509.0,sqft,9147.6,445000.0,0.0,0.0
445,2.0,2.0,Orlando,USA,FOR_SALE,SINGLE_FAMILY,True,False,963.0,sqft,3920.4,239900.0,1450,239900
446,3.0,4.0,Orlando,USA,FOR_SALE,SINGLE_FAMILY,True,False,2784.0,sqft,7405.2,575000.0,0.0,0.0
447,3.0,4.0,Orlando,USA,FOR_SALE,SINGLE_FAMILY,True,False,2657.0,sqft,8712.0,600000.0,2949,588958
448,2.0,3.0,Orlando,USA,FOR_SALE,CONDO,True,False,1198.0,sqft,1306.8,130000.0,1800,124300
449,2.0,3.0,Orlando,USA,FOR_SALE,SINGLE_FAMILY,True,False,1633.0,sqft,10454.4,402000.0,2368,396000
450,3.0,3.0,Orlando,USA,FOR_SALE,SINGLE_FAMILY,True,False,1955.0,sqft,4791.6,425000.0,2577,411000
451,2.0,4.0,Orlando,USA,FOR_SALE,SINGLE_FAMILY,True,False,1912.0,sqft,4791.6,452000.0,2620,438300
452,3.0,3.0,Orlando,USA,FOR_SALE,SINGLE_FAMILY,True,False,2527.0,sqft,8712.0,486000.0,2600,485600
453,3.0,6.0,Orlando,USA,FOR_SALE,SINGLE_FAMILY,True,False,2918.0,acres,0.25,583000.0,3300,569800
454,2.0,4.0,Orlando,USA,FOR_SALE,SINGLE_FAMILY,True,False,2052.0,sqft,5662.8,462000.0,2495,452600
455,2.0,3.0,Orlando,USA,FOR_SALE,SINGLE_FAMILY,True,False,1796.0,acres,0.31,436000.0,2391,428200
456,2.0,4.0,Orlando,USA,FOR_SALE,SINGLE_FAMILY,True,False,2026.0,sqft,9583.2,449900.0,0.0,0.0
457,2.0,4.0,Orlando,USA,FOR_SALE,SINGLE_FAMILY,True,False,1710.0,sqft,6969.6,410000.0,2469,402100
458,5.0,8.0,Orlando,USA,FOR_SALE,SINGLE_FAMILY,True,False,5169.0,sqft,7840.8,1599000.0,10037,1527933
459,2.0,3.0,Orlando,USA,FOR_SALE,SINGLE_FAMILY,True,False,1412.0,sqft,10454.4,425000.0,2499,424900
460,2.0,2.0,Orlando,USA,FOR_SALE,MULTI_FAMILY,True,False,953.0,sqft,5662.8,255000.0,1500,255000
461,3.0,3.0,Orlando,USA,FOR_SALE,TOWNHOUSE,True,False,1855.0,noUnit,0.0,395990.0,1881,0.0
462,3.0,5.0,Orlando,USA,FOR_SALE,SINGLE_FAMILY,True,False,2360.0,sqft,6969.6,499900.0,2928,492400
463,2.0,3.0,Orlando,USA,FOR_SALE,SINGLE_FAMILY,True,False,1223.0,sqft,5227.2,339500.0,2214,337900
464,3.0,3.0,Orlando,USA,FOR_SALE,TOWNHOUSE,True,False,1400.0,sqft,6534.0,300000.0,0.0,0.0
465,3.0,4.0,Orlando,USA,FOR_SALE,SINGLE_FAMILY,True,False,2267.0,sqft,7405.2,778000.0,3249,759864
466,2.0,3.0,Orlando,USA,FOR_SALE,SINGLE_FAMILY,True,False,1104.0,sqft,7840.8,329900.0,1999,329900
467,2.0,4.0,Orlando,USA,FOR_SALE,SINGLE_FAMILY,True,False,2360.0,sqft,8276.4,539999.0,2799,524300
468,3.0,3.0,Orlando,USA,FOR_SALE,TOWNHOUSE,True,False,1548.0,sqft,871.2,325900.0,0.0,0.0
469,2.0,2.0,Orlando,USA,FOR_SALE,SINGLE_FAMILY,True,False,1098.0,sqft,6098.4,325000.0,0.0,0.0
470,3.0,3.0,Orlando,USA,FOR_SALE,TOWNHOUSE,True,False,1492.0,sqft,2178.0,385000.0,2400,376444
471,4.0,4.0,Orlando,USA,FOR_SALE,SINGLE_FAMILY,True,False,2726.0,sqft,7840.8,549000.0,2997,536400
472,2.0,2.0,Orlando,USA,FOR_SALE,MANUFACTURED,True,False,0.0,noUnit,0.0,79900.0,0.0,0.0
473,3.0,3.0,Orlando,USA,FOR_SALE,SINGLE_FAMILY,True,False,3035.0,acres,0.37,594900.0,3200,587900
474,2.0,2.0,Orlando,USA,FOR_SALE,CONDO,True,False,996.0,sqft,435.6,150000.0,1599,145500
475,2.0,2.0,Orlando,USA,FOR_SALE,MANUFACTURED,True,False,1344.0,noUnit,0.0,209900.0,1632,0.0
476,1.0,1.0,Orlando,USA,FOR_SALE,CONDO,True,False,673.0,sqft,7840.8,169990.0,0.0,0.0
477,5.0,4.0,Orlando,USA,FOR_SALE,SINGLE_FAMILY,True,False,3303.0,noUnit,0.0,767990.0,5171,0.0
478,2.0,2.0,Orlando,USA,FOR_SALE,CONDO,True,False,1174.0,acres,0.32,265000.0,1849,265000
479,0.0,0.0,Orlando,USA,FOR_SALE,LOT,True,False,0.0,sqft,9583.2,74000.0,1459,0.0
480,3.0,5.0,Orlando,USA,FOR_SALE,SINGLE_FAMILY,True,False,3585.0,sqft,6534.0,280000.0,5495,274700
481,2.0,2.0,Orlando,USA,FOR_SALE,CONDO,True,False,997.0,sqft,871.2,155000.0,1500,151293
482,0.0,0.0,Orlando,USA,FOR_SALE,LOT,True,False,0.0,sqft,10454.4,74000.0,1455,0.0
483,3.0,2.0,Orlando,USA,FOR_SALE,CONDO,True,False,1250.0,sqft,871.2,265500.0,1800,261200
484,2.0,2.0,Orlando,USA,FOR_SALE,CONDO,True,False,976.0,sqft,871.2,125000.0,0.0,0.0
485,2.0,2.0,Orlando,USA,FOR_SALE,CONDO,True,False,1060.0,sqft,871.2,218000.0,2139,0.0
486,2.0,4.0,Orlando,USA,FOR_SALE,MULTI_FAMILY,True,False,1552.0,sqft,6534.0,299990.0,0.0,0.0
487,3.0,3.0,Orlando,USA,FOR_SALE,SINGLE_FAMILY,True,False,2055.0,noUnit,0.0,604900.0,1881,0.0
488,3.0,4.0,Orlando,USA,FOR_SALE,SINGLE_FAMILY,True,False,3820.0,noUnit,0.0,839990.0,4423,0.0
489,2.0,3.0,Orlando,USA,FOR_SALE,SINGLE_FAMILY,True,False,1571.0,sqft,9147.6,360000.0,2275,353800
490,2.0,2.0,Orlando,USA,FOR_SALE,MANUFACTURED,True,False,1416.0,noUnit,0.0,52000.0,0.0,0.0
491,3.0,4.0,Orlando,USA,FOR_SALE,SINGLE_FAMILY,True,False,2535.0,sqft,6969.6,699900.0,3815,686300
492,3.0,3.0,Orlando,USA,FOR_SALE,TOWNHOUSE,True,False,1620.0,sqft,2613.6,331000.0,2394,322300
493,3.0,4.0,Orlando,USA,FOR_SALE,CONDO,True,False,3432.0,sqft,10454.4,409995.0,5224,402200
494,3.0,5.0,Orlando,USA,FOR_SALE,SINGLE_FAMILY,True,False,2761.0,sqft,4791.6,499900.0,0.0,0.0
495,3.0,4.0,Orlando,USA,FOR_SALE,SINGLE_FAMILY,True,False,2329.0,sqft,6098.4,625000.0,2799,610431
496,3.0,3.0,Orlando,USA,FOR_SALE,SINGLE_FAMILY,True,False,1908.0,acres,0.37,490000.0,2600,480900
497,3.0,4.0,Orlando,USA,FOR_SALE,SINGLE_FAMILY,True,False,2883.0,noUnit,0.0,705990.0,1881,0.0
498,3.0,4.0,Orlando,USA,FOR_SALE,SINGLE_FAMILY,True,False,2547.0,sqft,9583.2,520000.0,2699,518000
499,1.0,1.0,Orlando,USA,FOR_SALE,CONDO,True,False,642.0,sqft,871.2,82000.0,0.0,0.0
500,2.0,2.0,Orlando,USA,FOR_SALE,CONDO,True,False,836.0,sqft,3920.4,249999.0,0.0,0.0
501,2.0,3.0,Orlando,USA,FOR_SALE,CONDO,True,False,2129.0,acres,0.37,380000.0,2748,375529
502,2.0,2.0,Orlando,USA,FOR_SALE,SINGLE_FAMILY,True,False,1620.0,sqft,6969.6,319900.0,2295,312700
503,2.0,3.0,Orlando,USA,FOR_SALE,SINGLE_FAMILY,True,False,2072.0,sqft,8276.4,635000.0,0.0,0.0
504,1.0,1.0,Orlando,USA,FOR_SALE,CONDO,True,False,825.0,sqft,5662.8,199000.0,1606,193800
505,2.0,2.0,Orlando,USA,FOR_SALE,MANUFACTURED,True,False,1624.0,noUnit,0.0,229900.0,1485,0.0
506,4.0,4.0,Orlando,USA,FOR_SALE,SINGLE_FAMILY,True,False,2688.0,noUnit,0.0,640990.0,3266,629400
507,1.0,1.0,Orlando,USA,FOR_SALE,CONDO,True,False,650.0,sqft,10018.8,185000.0,1249,180131
508,2.0,3.0,Orlando,USA,FOR_SALE,SINGLE_FAMILY,True,False,2285.0,sqft,7840.8,425000.0,0.0,0.0
509,2.0,3.0,Orlando,USA,FOR_SALE,SINGLE_FAMILY,True,False,1252.0,sqft,4356.0,359000.0,2100,359000
510,5.0,5.0,Orlando,USA,FOR_SALE,SINGLE_FAMILY,True,False,3314.0,sqft,6534.0,1200000.0,5351,1155200
511,2.0,3.0,Orlando,USA,FOR_SALE,SINGLE_FAMILY,True,False,1673.0,sqft,10454.4,429900.0,2600,374500
512,1.0,3.0,Orlando,USA,FOR_SALE,SINGLE_FAMILY,True,False,1045.0,sqft,6969.6,249999.0,1794,249999
513,3.0,4.0,Orlando,USA,FOR_SALE,SINGLE_FAMILY,True,False,2482.0,sqft,4791.6,485000.0,2549,471500
514,1.0,3.0,Orlando,USA,FOR_SALE,SINGLE_FAMILY,True,False,826.0,sqft,6534.0,239998.0,1694,230600
515,1.0,1.0,Orlando,USA,FOR_SALE,CONDO,True,False,675.0,acres,1.35,199500.0,1500,196100
516,2.0,3.0,Orlando,USA,FOR_SALE,SINGLE_FAMILY,True,False,1503.0,sqft,9147.6,390000.0,2190,389900
517,3.0,3.0,Orlando,USA,FOR_SALE,CONDO,True,False,1216.0,sqft,435.6,193500.0,0.0,0.0
518,3.0,3.0,Orlando,USA,FOR_SALE,TOWNHOUSE,True,False,1556.0,sqft,2178.0,374990.0,0.0,0.0
519,3.0,3.0,Orlando,USA,FOR_SALE,TOWNHOUSE,True,False,1473.0,sqft,2613.6,384990.0,0.0,0.0
520,2.0,3.0,Orlando,USA,FOR_SALE,SINGLE_FAMILY,True,False,1280.0,sqft,9147.6,299900.0,2100,299900
521,6.0,6.0,Orlando,USA,FOR_SALE,SINGLE_FAMILY,True,False,4877.0,acres,0.5,995000.0,5410,977000
522,3.0,5.0,Orlando,USA,FOR_SALE,SINGLE_FAMILY,True,False,3125.0,noUnit,0.0,631990.0,1881,0.0
523,2.0,3.0,Orlando,USA,FOR_SALE,SINGLE_FAMILY,True,False,1100.0,acres,0.27,305000.0,2149,300600
524,1.0,1.0,Orlando,USA,FOR_SALE,CONDO,True,False,629.0,acres,12.99,149900.0,1150,144300
525,0.0,0.0,Orlando,USA,FOR_SALE,LOT,True,False,0.0,acres,0.25,275000.0,2900,0.0
526,3.0,4.0,Orlando,USA,FOR_SALE,SINGLE_FAMILY,True,False,2541.0,acres,0.27999999999999997,475000.0,2885,464900
527,4.0,4.0,Orlando,USA,FOR_SALE,SINGLE_FAMILY,True,False,1648.0,acres,0.3,355000.0,2199,354100
528,3.0,2.0,Orlando,USA,FOR_SALE,TOWNHOUSE,True,False,2059.0,noUnit,0.0,568995.0,1557,0.0
529,2.0,4.0,Orlando,USA,FOR_SALE,SINGLE_FAMILY,True,False,1849.0,sqft,8712.0,325000.0,0.0,0.0
530,3.0,4.0,Orlando,USA,FOR_SALE,SINGLE_FAMILY,True,False,2016.0,acres,0.27,408000.0,2414,404114
531,2.0,3.0,Orlando,USA,FOR_SALE,SINGLE_FAMILY,True,False,1391.0,sqft,5662.8,335000.0,1895,329400
532,3.0,5.0,Orlando,USA,FOR_SALE,SINGLE_FAMILY,True,False,3038.0,acres,5.12,1299000.0,7849,1439400
533,4.0,4.0,Orlando,USA,FOR_SALE,SINGLE_FAMILY,True,False,2288.0,sqft,3920.4,730627.0,0.0,0.0
534,2.0,3.0,Orlando,USA,FOR_SALE,SINGLE_FAMILY,True,False,1833.0,acres,0.33999999999999997,430000.0,2799,421900
535,2.0,2.0,Orlando,USA,FOR_SALE,CONDO,True,False,1299.0,acres,2.15,280000.0,1792,279900
536,2.0,2.0,Orlando,USA,FOR_SALE,CONDO,True,False,830.0,sqft,10018.8,165900.0,1395,161899
537,3.0,4.0,Orlando,USA,FOR_SALE,SINGLE_FAMILY,True,False,2935.0,sqft,5227.2,625000.0,0.0,0.0
538,3.0,4.0,Orlando,USA,FOR_SALE,SINGLE_FAMILY,True,False,2136.0,sqft,6098.4,552900.0,2846,540613
539,2.0,3.0,Orlando,USA,FOR_SALE,SINGLE_FAMILY,True,False,1284.0,sqft,6098.4,310000.0,1989,318900
540,1.0,1.0,Orlando,USA,FOR_SALE,CONDO,True,False,674.0,sqft,9583.2,175000.0,1399,170500
541,3.0,5.0,Orlando,USA,FOR_SALE,SINGLE_FAMILY,True,False,2490.0,sqft,5227.2,620000.0,2917,608000
542,1.0,2.0,Orlando,USA,FOR_SALE,CONDO,True,False,850.0,sqft,5662.8,160000.0,1399,156424
543,2.0,2.0,Orlando,USA,FOR_SALE,CONDO,True,False,820.0,acres,4.89,188500.0,1599,184402
544,3.0,3.0,Orlando,USA,FOR_SALE,TOWNHOUSE,True,False,1594.0,sqft,1742.4,349990.0,1868,343549
545,3.0,3.0,Orlando,USA,FOR_SALE,TOWNHOUSE,True,False,1872.0,sqft,871.2,330000.0,2449,322700
546,2.0,2.0,Orlando,USA,FOR_SALE,TOWNHOUSE,True,False,950.0,sqft,2613.6,310000.0,0.0,0.0
547,4.0,4.0,Orlando,USA,FOR_SALE,SINGLE_FAMILY,True,False,4342.0,noUnit,0.0,820990.0,4325,0.0
548,2.0,2.0,Orlando,USA,FOR_SALE,CONDO,True,False,957.0,acres,0.4,259900.0,0.0,0.0
549,6.0,5.0,Orlando,USA,FOR_SALE,SINGLE_FAMILY,True,False,3503.0,noUnit,0.0,669990.0,1881,0.0
550,2.0,3.0,Orlando,USA,FOR_SALE,SINGLE_FAMILY,True,False,1404.0,sqft,4356.0,392500.0,2199,387400
551,2.0,3.0,Orlando,USA,FOR_SALE,SINGLE_FAMILY,True,False,2045.0,sqft,10454.4,629000.0,2849,626004
552,3.0,3.0,Orlando,USA,FOR_SALE,SINGLE_FAMILY,True,False,1788.0,sqft,3920.4,651749.0,0.0,0.0
553,3.0,3.0,Orlando,USA,FOR_SALE,SINGLE_FAMILY,True,False,2411.0,sqft,3920.4,727905.0,0.0,0.0
554,2.0,2.0,Orlando,USA,FOR_SALE,MANUFACTURED,True,False,1272.0,noUnit,0.0,129000.0,0.0,0.0
555,2.0,4.0,Orlando,USA,FOR_SALE,SINGLE_FAMILY,True,False,1162.0,sqft,5227.2,310000.0,1920,309900
556,2.0,2.0,Orlando,USA,FOR_SALE,MULTI_FAMILY,True,False,953.0,sqft,5662.8,274999.0,1500,274900
557,3.0,3.0,Orlando,USA,FOR_SALE,TOWNHOUSE,True,False,1846.0,noUnit,0.0,401990.0,1999,0.0
558,3.0,4.0,Orlando,USA,FOR_SALE,SINGLE_FAMILY,True,False,2397.0,noUnit,0.0,503990.0,2799,0.0
559,2.0,3.0,Orlando,USA,FOR_SALE,SINGLE_FAMILY,True,False,2085.0,noUnit,0.0,631990.0,1881,0.0
560,2.0,4.0,Orlando,USA,FOR_SALE,SINGLE_FAMILY,True,False,1248.0,sqft,6534.0,260000.0,1749,259900
561,2.0,3.0,Orlando,USA,FOR_SALE,CONDO,True,False,1391.0,acres,0.37,285000.0,2122,281889
562,2.0,4.0,Orlando,USA,FOR_SALE,SINGLE_FAMILY,True,False,2487.0,acres,0.89,515000.0,2749,503770
563,6.0,6.0,Orlando,USA,FOR_SALE,SINGLE_FAMILY,True,False,4671.0,sqft,9583.2,1851995.0,0.0,0.0
564,2.0,2.0,Orlando,USA,FOR_SALE,SINGLE_FAMILY,True,False,1843.0,sqft,8276.4,405000.0,0.0,0.0
565,2.0,3.0,Orlando,USA,FOR_SALE,TOWNHOUSE,True,False,1154.0,sqft,1742.4,265000.0,1999,262400
566,3.0,3.0,Orlando,USA,FOR_SALE,SINGLE_FAMILY,True,False,2298.0,noUnit,0.0,719990.0,3842,0.0
567,2.0,3.0,Orlando,USA,FOR_SALE,SINGLE_FAMILY,True,False,1107.0,sqft,3484.8,299999.0,0.0,0.0
568,3.0,4.0,Orlando,USA,FOR_SALE,SINGLE_FAMILY,True,False,1222.0,sqft,7840.8,350000.0,1849,349900
569,2.0,4.0,Orlando,USA,FOR_SALE,SINGLE_FAMILY,True,False,1632.0,sqft,10454.4,375000.0,2300,370200
570,2.0,3.0,Orlando,USA,FOR_SALE,SINGLE_FAMILY,True,False,1520.0,sqft,8712.0,410000.0,0.0,0.0
571,3.0,5.0,Orlando,USA,FOR_SALE,SINGLE_FAMILY,True,False,2928.0,sqft,9583.2,549000.0,0.0,0.0
572,1.0,1.0,Orlando,USA,FOR_SALE,CONDO,True,False,816.0,acres,0.52,185000.0,1500,180900
573,3.0,4.0,Orlando,USA,FOR_SALE,SINGLE_FAMILY,True,False,2578.0,sqft,6534.0,350000.0,2995,345600
574,2.0,2.0,Orlando,USA,FOR_SALE,CONDO,True,False,934.0,acres,2.35,230000.0,1699,227800
575,3.0,4.0,Orlando,USA,FOR_SALE,SINGLE_FAMILY,True,False,2192.0,sqft,7405.2,410000.0,2720,422000
576,3.0,2.0,Orlando,USA,FOR_SALE,TOWNHOUSE,True,False,2337.0,sqft,871.2,628000.0,3434,614000
577,1.0,1.0,Orlando,USA,FOR_SALE,CONDO,True,False,529.0,acres,0.36,133500.0,1300,126600
578,3.0,3.0,Orlando,USA,FOR_SALE,SINGLE_FAMILY,True,False,1791.0,sqft,2613.6,509000.0,2900,494861
579,2.0,3.0,Orlando,USA,FOR_SALE,SINGLE_FAMILY,True,False,1407.0,sqft,10018.8,375000.0,2100,374900
580,2.0,3.0,Orlando,USA,FOR_SALE,SINGLE_FAMILY,True,False,980.0,acres,0.36,340000.0,1500,339300
581,2.0,3.0,Orlando,USA,FOR_SALE,SINGLE_FAMILY,True,False,1468.0,sqft,10018.8,364900.0,2295,364900
582,2.0,3.0,Orlando,USA,FOR_SALE,SINGLE_FAMILY,True,False,1020.0,sqft,4791.6,275000.0,1749,274600
583,2.0,4.0,Orlando,USA,FOR_SALE,SINGLE_FAMILY,True,False,1792.0,sqft,8712.0,439900.0,2495,429977
584,3.0,4.0,Orlando,USA,FOR_SALE,SINGLE_FAMILY,True,False,3771.0,noUnit,0.0,687990.0,1881,0.0
585,3.0,4.0,Orlando,USA,FOR_SALE,SINGLE_FAMILY,True,False,3044.0,acres,0.51,899900.0,4736,883400
586,2.0,4.0,Orlando,USA,FOR_SALE,SINGLE_FAMILY,True,False,1772.0,sqft,10018.8,400000.0,2493,399700
587,3.0,3.0,Orlando,USA,FOR_SALE,TOWNHOUSE,True,False,1308.0,sqft,1742.4,332500.0,2197,330900
588,3.0,4.0,Orlando,USA,FOR_SALE,SINGLE_FAMILY,True,False,3178.0,sqft,8712.0,989680.0,5277,977400
589,4.0,5.0,Orlando,USA,FOR_SALE,SINGLE_FAMILY,True,False,3514.0,sqft,6534.0,599990.0,0.0,0.0
590,2.0,2.0,Orlando,USA,FOR_SALE,CONDO,True,False,1051.0,acres,0.54,190000.0,1500,184800
591,3.0,4.0,Orlando,USA,FOR_SALE,SINGLE_FAMILY,True,False,2380.0,sqft,9583.2,560000.0,2900,547800
592,2.0,4.0,Orlando,USA,FOR_SALE,SINGLE_FAMILY,True,False,1655.0,acres,0.27999999999999997,390000.0,2190,390000
593,3.0,4.0,Orlando,USA,FOR_SALE,SINGLE_FAMILY,True,False,2364.0,acres,0.27,675000.0,3300,668100
594,2.0,2.0,Orlando,USA,FOR_SALE,CONDO,True,False,1258.0,sqft,5227.2,229990.0,1898,226024
595,3.0,3.0,Orlando,USA,FOR_SALE,TOWNHOUSE,True,False,1594.0,sqft,2178.0,349990.0,0.0,0.0
596,3.0,3.0,Orlando,USA,FOR_SALE,CONDO,True,False,1581.0,sqft,871.2,369500.0,0.0,0.0
597,0.0,0.0,Orlando,USA,FOR_SALE,LOT,True,False,0.0,sqft,5662.8,499000.0,2499,0.0
598,2.0,4.0,Orlando,USA,FOR_SALE,SINGLE_FAMILY,True,False,1868.0,acres,0.29,469900.0,2549,466400
599,4.0,6.0,Orlando,USA,FOR_SALE,SINGLE_FAMILY,True,False,3142.0,sqft,7840.8,789990.0,0.0,0.0
